Name,Math,English,Science
Andi,78,82,80
Budi,65,70,68
Citra,90,88,92
Dewi,55,60,58
Eka,84,79,81
Fajar,72,75,70
Gita,88,85,90
Hadi,60,65,63
Intan,91,89,93
Joko,50,55,52
Karin,77,74,79
Lutfi,69,72,68
Maya,86,84,88
Nina,62,66,64
Omar,95,92,96
Ardi,76,88,89
Arfan,56,76,59
Ahnaf,90,80,95
Adib,78,61,90
Arina,55,47,65
Ahsan,49,61,59
Azka, 79,70,87
Fariz,83,85,91
Supri,55,49,62
Sumanto,30,41,39